"070 Shake","https://goevent-images.s3.amazonaws.com/coachella-2019/f3241018/web/artist_62_20190102080820_445f11d6.jpg"
"29 Palms","https://goevent-images.s3.amazonaws.com/coachella-2019/f3241018/web/artist_652_20190325084244_6640fc94.jpg"
"88Glam","https://goevent-images.s3.amazonaws.com/coachella-2019/f3241018/web/artist_63_20190102080822_2d7680ea.jpg"
"A Hundred Drums","https://goevent-images.s3.amazonaws.com/coachella-2019/f3241018/web/artist_571_20190321064835_1085c246.jpg"
"A R I Z O N A","https://goevent-images.s3.amazonaws.com/coachella-2019/f3241018/web/artist_73_20190102080851_f1a99bd6.jpg"
"Adriatique","https://goevent-images.s3.amazonaws.com/coachella-2019/f3241018/web/artist_64_20190102080825_1e29d2f5.jpg"
"Agoria","https://goevent-images.s3.amazonaws.com/coachella-2019/f3241018/web/artist_65_20190102080828_587a1e6c.jpg"
"Alice Merton","https://goevent-images.s3.amazonaws.com/coachella-2019/f3241018/web/artist_66_20190102080831_edfa5c2d.jpg"
"Âme","https://goevent-images.s3.amazonaws.com/coachella-2019/f3241018/web/artist_67_20190110065218_22d2c056.jpg"
"Amelie Lens","https://goevent-images.s3.amazonaws.com/coachella-2019/f3241018/web/artist_68_20190102080836_3cc881a9.jpg"
"Anderson .Paak & The Free Nationals","https://goevent-images.s3.amazonaws.com/coachella-2019/f3241018/web/artist_69_20190102080839_fdc081f0.jpg"
"Anna Lunoe","https://goevent-images.s3.amazonaws.com/coachella-2019/f3241018/web/artist_70_20190102080841_b8336ace.jpg"
"Aphex Twin","https://goevent-images.s3.amazonaws.com/coachella-2019/f3241018/web/artist_71_20190102080845_2d2f0248.jpg"
"Ariana Grande","https://goevent-images.s3.amazonaws.com/coachella-2019/f3241018/web/artist_72_20190102080848_e8b676ae.jpg"
"Bad Bunny","https://goevent-images.s3.amazonaws.com/coachella-2019/f3241018/web/artist_74_20190104013406_ec022633.jpg"
"BASSNECTAR","https://goevent-images.s3.amazonaws.com/coachella-2019/f3241018/web/artist_76_20190102090425_8bfc2439.jpg"
"BAYNK","https://goevent-images.s3.amazonaws.com/coachella-2019/f3241018/web/artist_572_20190321064838_adb1ca8a.jpg"
"Bazzi","https://goevent-images.s3.amazonaws.com/coachella-2019/f3241018/web/artist_77_20190102080901_02c52dfd.jpg"
"Beach Fossils","https://goevent-images.s3.amazonaws.com/coachella-2019/f3241018/web/artist_78_20190123015725_b299e16e.jpg"
"BearTraxx b2b Special Guest","https://goevent-images.s3.amazonaws.com/coachella-2019/f3241018/web/artist_766_20190404084755_ac8dbf57.jpg"
"Billie Eilish","https://goevent-images.s3.amazonaws.com/coachella-2019/f3241018/web/artist_79_20190102080907_e4396438.jpg"
"BLACKPINK","https://goevent-images.s3.amazonaws.com/coachella-2019/f3241018/web/artist_80_20190102090450_1798769f.jpg"
"Bleep Bloop","https://goevent-images.s3.amazonaws.com/coachella-2019/f3241018/web/artist_651_20190325083837_22396f39.jpg"
"Blond:ish","https://goevent-images.s3.amazonaws.com/coachella-2019/f3241018/web/artist_81_20190405015910_3ed8925a.jpg"
"Blood Orange","https://goevent-images.s3.amazonaws.com/coachella-2019/f3241018/web/artist_82_20190102090327_1ad09a80.jpg"
"Bob Moses","https://goevent-images.s3.amazonaws.com/coachella-2019/f3241018/web/artist_83_20190102080911_e729a38a.jpg"
"boy pablo","https://goevent-images.s3.amazonaws.com/coachella-2019/f3241018/web/artist_84_20190102080914_1a9658a5.jpg"
"Burna Boy","https://goevent-images.s3.amazonaws.com/coachella-2019/f3241018/web/artist_85_20190102080916_2ace966c.jpg"
"Calypso Rose","https://goevent-images.s3.amazonaws.com/coachella-2019/f3241018/web/artist_86_20190102080919_6761554b.jpg"
"CamelPhat","https://goevent-images.s3.amazonaws.com/coachella-2019/f3241018/web/artist_87_20190102080922_110a3468.jpg"
"Cassian","https://goevent-images.s3.amazonaws.com/coachella-2019/f3241018/web/artist_573_20190321064841_cea1823c.jpg"
"Charlotte de Witte","https://goevent-images.s3.amazonaws.com/coachella-2019/f3241018/web/artist_88_20190102080924_03b4cea8.jpg"
"Charlotte Gainsbourg","https://goevent-images.s3.amazonaws.com/coachella-2019/f3241018/web/artist_89_20190102080927_499659b2.jpg"
"Childish Gambino","https://goevent-images.s3.amazonaws.com/coachella-2019/f3241018/web/artist_91_20190102080932_1cbe6c07.jpg"
"CHON","https://goevent-images.s3.amazonaws.com/coachella-2019/f3241018/web/artist_92_20190219015434_601119d5.jpg"
"Chris Lake","https://goevent-images.s3.amazonaws.com/coachella-2019/f3241018/web/artist_93_20190102080937_361e6867.jpg"
"Christine and the Queens","https://goevent-images.s3.amazonaws.com/coachella-2019/f3241018/web/artist_94_20190102080940_a6cad702.jpg"
"CHVRCHES","https://goevent-images.s3.amazonaws.com/coachella-2019/f3241018/web/artist_95_20190102080943_ea5f8d9d.jpg"
"Cirez D","https://goevent-images.s3.amazonaws.com/coachella-2019/f3241018/web/artist_96_20190102080945_d425f198.jpg"
"Clairo","https://goevent-images.s3.amazonaws.com/coachella-2019/f3241018/web/artist_97_20190102080948_f11f1d95.jpg"
"CloZee","https://goevent-images.s3.amazonaws.com/coachella-2019/f3241018/web/artist_98_20190102080951_41fab0e2.jpg"
"Cola Boyy","https://goevent-images.s3.amazonaws.com/coachella-2019/f3241018/web/artist_99_20190102080953_ecea86cd.jpg"
"d1bbs","https://goevent-images.s3.amazonaws.com/coachella-2019/f3241018/web/artist_574_20190321064844_b02b0d01.jpg"
"Dance Spirit","https://goevent-images.s3.amazonaws.com/coachella-2019/f3241018/web/artist_654_20190325084610_c632cd73.jpg"
"Dave P.","https://goevent-images.s3.amazonaws.com/coachella-2019/f3241018/web/artist_100_20190102080956_27a7be01.jpg"
"Deep Dish","https://goevent-images.s3.amazonaws.com/coachella-2019/f3241018/web/artist_101_20190102080959_50eb2d5e.jpg"
"Dennis Lloyd","https://goevent-images.s3.amazonaws.com/coachella-2019/f3241018/web/artist_102_20190102081002_4d56e75c.jpg"
"Dermot Kennedy","https://goevent-images.s3.amazonaws.com/coachella-2019/f3241018/web/artist_103_20190102081005_c34f3568.jpg"
"Dillon Francis","https://goevent-images.s3.amazonaws.com/coachella-2019/f3241018/web/artist_104_20190102081008_2c951c88.jpg"
"Diplo","https://goevent-images.s3.amazonaws.com/coachella-2019/f3241018/web/artist_105_20190102081011_15e25263.jpg"
"Dirtwire","https://goevent-images.s3.amazonaws.com/coachella-2019/f3241018/web/artist_575_20190321064847_755a5530.jpg"
"Dj Nu-Mark","https://goevent-images.s3.amazonaws.com/coachella-2019/f3241018/web/artist_576_20190321064850_4fbe4b3f.jpg"
"DJ Seinfeld","https://goevent-images.s3.amazonaws.com/coachella-2019/f3241018/web/artist_577_20190321064853_cbff9959.jpg"
"DJ Snake","https://goevent-images.s3.amazonaws.com/coachella-2019/f3241018/web/artist_106_20190130032647_ca360b9d.jpg"
"Dom Dolla","https://goevent-images.s3.amazonaws.com/coachella-2019/f3241018/web/artist_578_20190321064856_d0696f0c.jpg"
"Dombresky","https://goevent-images.s3.amazonaws.com/coachella-2019/f3241018/web/artist_579_20190321064859_d7393de5.jpg"
"Dorfex Bos","https://goevent-images.s3.amazonaws.com/coachella-2019/f3241018/web/artist_580_20190321064902_dcff9dc7.jpg"
"Dusky","https://goevent-images.s3.amazonaws.com/coachella-2019/f3241018/web/artist_107_20190102090257_ccee029c.jpg"
"dvsn","https://goevent-images.s3.amazonaws.com/coachella-2019/f3241018/web/artist_108_20190102081018_b60069f6.jpg"
"Eagles & Butterflies","https://goevent-images.s3.amazonaws.com/coachella-2019/f3241018/web/artist_653_20190325084336_6ead724f.jpg"
"Easy Life","https://goevent-images.s3.amazonaws.com/coachella-2019/f3241018/web/artist_109_20190102082308_51be9c86.jpg"
"Elderbrook","https://goevent-images.s3.amazonaws.com/coachella-2019/f3241018/web/artist_581_20190321064905_21ee4581.jpg"
"Ella Mai","https://goevent-images.s3.amazonaws.com/coachella-2019/f3241018/web/artist_110_20190102081023_17690b1a.jpg"
"Emily King","https://goevent-images.s3.amazonaws.com/coachella-2019/f3241018/web/artist_111_20190102081026_88f346c8.jpg"
"Emmit Fenn","https://goevent-images.s3.amazonaws.com/coachella-2019/f3241018/web/artist_582_20190321064908_4460efe3.jpg"
"Escapade","https://goevent-images.s3.amazonaws.com/coachella-2019/f3241018/web/artist_583_20190325082613_720e9808.jpg"
"EVAN GIIA","https://goevent-images.s3.amazonaws.com/coachella-2019/f3241018/web/artist_584_20190321064914_bad10299.jpg"
"FISHER","https://goevent-images.s3.amazonaws.com/coachella-2019/f3241018/web/artist_112_20190102081029_a6ba3e4d.jpg"
"FKJ","https://goevent-images.s3.amazonaws.com/coachella-2019/f3241018/web/artist_113_20190102081034_94024a81.jpg"
"ford.","https://goevent-images.s3.amazonaws.com/coachella-2019/f3241018/web/artist_585_20190321064917_b2dff484.jpg"
"Four Tet","https://goevent-images.s3.amazonaws.com/coachella-2019/f3241018/web/artist_114_20190102081037_757d21e3.jpg"
"Gesaffelstein","https://goevent-images.s3.amazonaws.com/coachella-2019/f3241018/web/artist_115_20190102081040_04165eec.jpg"
"Golden Features","https://goevent-images.s3.amazonaws.com/coachella-2019/f3241018/web/artist_586_20190321064920_74738587.jpg"
"Gorgon City","https://goevent-images.s3.amazonaws.com/coachella-2019/f3241018/web/artist_116_20190102081044_f30faa6e.jpg"
"Gryffin","https://goevent-images.s3.amazonaws.com/coachella-2019/f3241018/web/artist_117_20190102081049_45c9231d.jpg"
"Gucci Gang","https://goevent-images.s3.amazonaws.com/coachella-2019/f3241018/web/artist_118_20190103023438_bc6c670c.jpg"
"Guy Gerber","https://goevent-images.s3.amazonaws.com/coachella-2019/f3241018/web/artist_119_20190102081056_799a97e3.jpg"
"Heidi Lawden","https://goevent-images.s3.amazonaws.com/coachella-2019/f3241018/web/artist_120_20190104020526_db76965c.jpg"
"Henry Pope","https://goevent-images.s3.amazonaws.com/coachella-2019/f3241018/web/artist_587_20190321064923_371050e6.jpg"
"H.E.R.","https://goevent-images.s3.amazonaws.com/coachella-2019/f3241018/web/artist_121_20190102081103_8a251644.jpg"
"Holly","https://goevent-images.s3.amazonaws.com/coachella-2019/f3241018/web/artist_588_20190321064926_1f6e1e80.jpg"
"Hop Along","https://goevent-images.s3.amazonaws.com/coachella-2019/f3241018/web/artist_122_20190102081106_bccdfdc2.jpg"
"Hot Since 82","https://goevent-images.s3.amazonaws.com/coachella-2019/f3241018/web/artist_123_20190102081108_c0ac3e77.jpg"
"Hurray for the Riff Raff","https://goevent-images.s3.amazonaws.com/coachella-2019/f3241018/web/artist_124_20190102081111_1611fb9e.jpg"
"HYUKOH","https://goevent-images.s3.amazonaws.com/coachella-2019/f3241018/web/artist_125_20190102081114_02b170f6.jpg"
"Iceage","https://goevent-images.s3.amazonaws.com/coachella-2019/f3241018/web/artist_126_20190102081117_e54d45a5.jpg"
"Idris Elba","https://goevent-images.s3.amazonaws.com/coachella-2019/f3241018/web/artist_127_20190102081120_c0a3d647.jpg"
"J Balvin","https://goevent-images.s3.amazonaws.com/coachella-2019/f3241018/web/artist_128_20190102081123_92385105.jpg"
"Jaden Smith","https://goevent-images.s3.amazonaws.com/coachella-2019/f3241018/web/artist_129_20190102081125_bd5467bb.jpg"
"Jain","https://goevent-images.s3.amazonaws.com/coachella-2019/f3241018/web/artist_130_20190102081128_b76cd05f.jpg"
"Jambinai","https://goevent-images.s3.amazonaws.com/coachella-2019/f3241018/web/artist_131_20190102081130_b2497240.jpg"
"Jan Blomqvist","https://goevent-images.s3.amazonaws.com/coachella-2019/f3241018/web/artist_132_20190102081133_280d67a6.jpg"
"Janelle Monáe","https://goevent-images.s3.amazonaws.com/coachella-2019/f3241018/web/artist_133_20190102081135_47c87936.jpg"
"Jauz","https://goevent-images.s3.amazonaws.com/coachella-2019/f3241018/web/artist_134_20190103034753_ebe64a10.jpg"
"Javiera Mena","https://goevent-images.s3.amazonaws.com/coachella-2019/f3241018/web/artist_135_20190102081141_3f60cec2.jpg"
"Jon Hopkins","https://goevent-images.s3.amazonaws.com/coachella-2019/f3241018/web/artist_136_20190102081144_87396db2.jpg"
"JPEGMAFIA","https://goevent-images.s3.amazonaws.com/coachella-2019/f3241018/web/artist_137_20190102081147_1a008303.jpg"
"Juice WRLD","https://goevent-images.s3.amazonaws.com/coachella-2019/f3241018/web/artist_138_20190102081149_4816dcdb.jpg"
"Justin Jay","https://goevent-images.s3.amazonaws.com/coachella-2019/f3241018/web/artist_589_20190321064929_4a01c2a5.jpg"
"Kacey Musgraves","https://goevent-images.s3.amazonaws.com/coachella-2019/f3241018/web/artist_139_20190102081152_e37739a1.jpg"
"Kaytranada","https://goevent-images.s3.amazonaws.com/coachella-2019/f3241018/web/artist_140_20190102081154_b5e45902.jpg"
"Kayzo","https://goevent-images.s3.amazonaws.com/coachella-2019/f3241018/web/artist_141_20190102081157_3e30f178.jpg"
"Kero Kero Bonito","https://goevent-images.s3.amazonaws.com/coachella-2019/f3241018/web/artist_142_20190102081159_29652860.jpg"
"Khalid","https://goevent-images.s3.amazonaws.com/coachella-2019/f3241018/web/artist_143_20190102081202_26601609.jpg"
"Khruangbin","https://goevent-images.s3.amazonaws.com/coachella-2019/f3241018/web/artist_144_20190102081205_b3850e5c.jpg"
"Kid Cudi","https://goevent-images.s3.amazonaws.com/coachella-2019/f3241018/web/artist_145_20190102081209_b8833f20.jpg"
"King Princess","https://goevent-images.s3.amazonaws.com/coachella-2019/f3241018/web/artist_146_20190102081211_ec2c551e.jpg"
"KMLN","https://goevent-images.s3.amazonaws.com/coachella-2019/f3241018/web/artist_590_20190321064932_9fccefa3.jpg"
"Kölsch","https://goevent-images.s3.amazonaws.com/coachella-2019/f3241018/web/artist_147_20190102081214_1f78c2c8.jpg"
"Las Robertas","https://goevent-images.s3.amazonaws.com/coachella-2019/f3241018/web/artist_148_20190102081216_c7899989.jpg"
"Lastlings","https://goevent-images.s3.amazonaws.com/coachella-2019/f3241018/web/artist_591_20190321064935_d3e00494.jpg"
"Latmun","https://goevent-images.s3.amazonaws.com/coachella-2019/f3241018/web/artist_592_20190404083611_f3590394.jpg"
"Lauren Lane","https://goevent-images.s3.amazonaws.com/coachella-2019/f3241018/web/artist_149_20190102081219_d79bef41.jpg"
"Lee Burridge","https://goevent-images.s3.amazonaws.com/coachella-2019/f3241018/web/artist_150_20190102082216_97976787.jpg"
"Let's Eat Grandma","https://goevent-images.s3.amazonaws.com/coachella-2019/f3241018/web/artist_151_20190102081231_fc551c79.jpg"
"Little People","https://goevent-images.s3.amazonaws.com/coachella-2019/f3241018/web/artist_593_20190321064942_60670c1e.jpg"
"Little Simz","https://goevent-images.s3.amazonaws.com/coachella-2019/f3241018/web/artist_152_20190102081233_0f1baea4.jpg"
"Lizzo","https://goevent-images.s3.amazonaws.com/coachella-2019/f3241018/web/artist_153_20190102081236_bb3cf53a.jpg"
"Los Tucanes De Tijuana","https://goevent-images.s3.amazonaws.com/coachella-2019/f3241018/web/artist_154_20190117055506_9d309464.jpg"
"Lost Desert","https://goevent-images.s3.amazonaws.com/coachella-2019/f3241018/web/artist_606_20190321065020_c78cb000.jpg"
"Lou Phelps","https://goevent-images.s3.amazonaws.com/coachella-2019/f3241018/web/artist_594_20190321064945_6c55abeb.jpg"
"LSDREAM","https://goevent-images.s3.amazonaws.com/coachella-2019/f3241018/web/artist_595_20190321064948_ce24f677.jpg"
"Mac DeMarco","https://goevent-images.s3.amazonaws.com/coachella-2019/f3241018/web/artist_155_20190102081241_0917388f.jpg"
"Madam X","https://goevent-images.s3.amazonaws.com/coachella-2019/f3241018/web/artist_596_20190321064951_000a96da.jpg"
"Maggie Rogers","https://goevent-images.s3.amazonaws.com/coachella-2019/f3241018/web/artist_156_20190301040002_15b1f3b2.jpg"
"Mansionair","https://goevent-images.s3.amazonaws.com/coachella-2019/f3241018/web/artist_157_20190102081247_d6d03dc1.jpg"
"MEMBA","https://goevent-images.s3.amazonaws.com/coachella-2019/f3241018/web/artist_597_20190321064954_ec8e2152.jpg"
"Men I Trust","https://goevent-images.s3.amazonaws.com/coachella-2019/f3241018/web/artist_158_20190102081250_15b4d850.jpg"
"Mersiv","https://goevent-images.s3.amazonaws.com/coachella-2019/f3241018/web/artist_598_20190321064957_3c6d3349.jpg"
"Mon Laferte","https://goevent-images.s3.amazonaws.com/coachella-2019/f3241018/web/artist_159_20190102081252_476b867b.jpg"
"Mr. Carmack","https://goevent-images.s3.amazonaws.com/coachella-2019/f3241018/web/artist_649_20190325083320_6ddc3e58.jpg"
"Mr Eazi","https://goevent-images.s3.amazonaws.com/coachella-2019/f3241018/web/artist_160_20190102081255_81d522aa.jpg"
"Murda Beatz","https://goevent-images.s3.amazonaws.com/coachella-2019/f3241018/web/artist_161_20190102081258_c7917688.jpg"
"NGHTMRE","https://goevent-images.s3.amazonaws.com/coachella-2019/f3241018/web/artist_162_20190102090057_9cd25e77.jpg"
"Nic Fanciulli","https://goevent-images.s3.amazonaws.com/coachella-2019/f3241018/web/artist_163_20190103033741_1d8ab736.jpg"
"Nicole Moudaber","https://goevent-images.s3.amazonaws.com/coachella-2019/f3241018/web/artist_164_20190102081305_f869ef3a.jpg"
"Nina Kraviz","https://goevent-images.s3.amazonaws.com/coachella-2019/f3241018/web/artist_165_20190102081308_27681689.jpg"
"Nocturnal Sunshine","https://goevent-images.s3.amazonaws.com/coachella-2019/f3241018/web/artist_166_20190110080617_fe3a9c17.jpg"
"Nora En Pure","https://goevent-images.s3.amazonaws.com/coachella-2019/f3241018/web/artist_167_20190102081314_56cbbd51.jpg"
"Ocho Ojos","https://goevent-images.s3.amazonaws.com/coachella-2019/f3241018/web/artist_168_20190102081316_784644dc.jpg"
"Ookay","https://goevent-images.s3.amazonaws.com/coachella-2019/f3241018/web/artist_169_20190102081319_62a28301.jpg"
"Parcels","https://goevent-images.s3.amazonaws.com/coachella-2019/f3241018/web/artist_170_20190102081322_a95bf10a.jpg"
"Patrice Bäumel","https://goevent-images.s3.amazonaws.com/coachella-2019/f3241018/web/artist_171_20190102081325_b19ba310.jpg"
"Patricio","https://goevent-images.s3.amazonaws.com/coachella-2019/f3241018/web/artist_607_20190321065022_ba9d534d.jpg"
"Perfume","https://goevent-images.s3.amazonaws.com/coachella-2019/f3241018/web/artist_172_20190103033123_15097d4b.jpg"
"Pete Tong","https://goevent-images.s3.amazonaws.com/coachella-2019/f3241018/web/artist_648_20190325083147_61883c0e.jpg"
"Playboi Carti","https://goevent-images.s3.amazonaws.com/coachella-2019/f3241018/web/artist_173_20190102081330_c849d00d.jpg"
"Polo & Pan","https://goevent-images.s3.amazonaws.com/coachella-2019/f3241018/web/artist_174_20190102081333_5ab981f8.jpg"
"Pusha T","https://goevent-images.s3.amazonaws.com/coachella-2019/f3241018/web/artist_175_20190102081336_69e77d3e.jpg"
"RAT BOY","https://goevent-images.s3.amazonaws.com/coachella-2019/f3241018/web/artist_176_20190102081339_282006c8.jpg"
"Razorbumps","https://goevent-images.s3.amazonaws.com/coachella-2019/f3241018/web/artist_177_20190102081342_ee75b15c.jpg"
"Rico Nasty","https://goevent-images.s3.amazonaws.com/coachella-2019/f3241018/web/artist_178_20190102081345_490ccc37.jpg"
"Rosalía","https://goevent-images.s3.amazonaws.com/coachella-2019/f3241018/web/artist_179_20190102081347_2671a4dc.jpg"
"Ross From Friends","https://goevent-images.s3.amazonaws.com/coachella-2019/f3241018/web/artist_180_20190102081350_15dea1ca.jpg"
"RÜFÜS DU SOL","https://goevent-images.s3.amazonaws.com/coachella-2019/f3241018/web/artist_181_20190102081353_8005e9d3.jpg"
"Ry X","https://goevent-images.s3.amazonaws.com/coachella-2019/f3241018/web/artist_599_20190321065000_aa04ddc0.jpg"
"Sabrina Claudio","https://goevent-images.s3.amazonaws.com/coachella-2019/f3241018/web/artist_182_20190102081355_890d1f24.jpg"
"SALES","https://goevent-images.s3.amazonaws.com/coachella-2019/f3241018/web/artist_183_20190102081358_bc5f5558.jpg"
"serpentwithfeet","https://goevent-images.s3.amazonaws.com/coachella-2019/f3241018/web/artist_184_20190102081401_ed457a02.jpg"
"SG Lewis","https://goevent-images.s3.amazonaws.com/coachella-2019/f3241018/web/artist_185_20190102081405_430ebf1b.jpg"
"Shallou","https://goevent-images.s3.amazonaws.com/coachella-2019/f3241018/web/artist_186_20190102081408_ce0359fe.jpg"
"Shame","https://goevent-images.s3.amazonaws.com/coachella-2019/f3241018/web/artist_187_20190102081411_546c1f2e.jpg"
"Shawni","https://goevent-images.s3.amazonaws.com/coachella-2019/f3241018/web/artist_608_20190321065026_d9f21bbd.jpg"
"Sheck Wes","https://goevent-images.s3.amazonaws.com/coachella-2019/f3241018/web/artist_227_20190104011914_a60e3d07.jpg"
"Shlump","https://goevent-images.s3.amazonaws.com/coachella-2019/f3241018/web/artist_650_20190325083438_8104bdb6.jpg"
"SiR","https://goevent-images.s3.amazonaws.com/coachella-2019/f3241018/web/artist_188_20190102081413_18a00ee0.jpg"
"Smino","https://goevent-images.s3.amazonaws.com/coachella-2019/f3241018/web/artist_189_20190102081417_677e9262.jpg"
"SOB X RBE","https://goevent-images.s3.amazonaws.com/coachella-2019/f3241018/web/artist_190_20190102081420_4a7a016a.jpg"
"Soccer Mommy","https://goevent-images.s3.amazonaws.com/coachella-2019/f3241018/web/artist_191_20190102081422_767dcff0.jpg"
"Social House","https://goevent-images.s3.amazonaws.com/coachella-2019/f3241018/web/artist_192_20190102095822_ffe4706d.jpg"
"SOFI TUKKER","https://goevent-images.s3.amazonaws.com/coachella-2019/f3241018/web/artist_193_20190102081425_fec99102.jpg"
"Solange","https://goevent-images.s3.amazonaws.com/coachella-2019/f3241018/web/artist_194_20190102081428_4b63866e.jpg"
"Sonny Fodera","https://goevent-images.s3.amazonaws.com/coachella-2019/f3241018/web/artist_600_20190321065003_f1dd45c7.jpg"
"SOPHIE","https://goevent-images.s3.amazonaws.com/coachella-2019/f3241018/web/artist_195_20190207061359_440584c1.jpg"
"Soulection","https://goevent-images.s3.amazonaws.com/coachella-2019/f3241018/web/artist_196_20190102081433_20c0ddf0.jpg"
"Stavroz","https://goevent-images.s3.amazonaws.com/coachella-2019/f3241018/web/artist_601_20190321065006_9891b674.jpg"
"Steady Holiday","https://goevent-images.s3.amazonaws.com/coachella-2019/f3241018/web/artist_197_20190102081436_6478df77.jpg"
"Stephan Bodzin","https://goevent-images.s3.amazonaws.com/coachella-2019/f3241018/web/artist_198_20190104013530_8372d13e.jpg"
"Still Woozy","https://goevent-images.s3.amazonaws.com/coachella-2019/f3241018/web/artist_199_20190102081440_b26e7239.jpg"
"Sunday Service on Easter","https://goevent-images.s3.amazonaws.com/coachella-2019/f3241018/web/artist_764_20190401025019_db2c4650.jpg"
"Superorganism","https://goevent-images.s3.amazonaws.com/coachella-2019/f3241018/web/artist_200_20190102081443_21e37ae0.jpg"
"Tale Of Us","https://goevent-images.s3.amazonaws.com/coachella-2019/f3241018/web/artist_201_20190102081446_cf79363f.jpg"
"Tame Impala","https://goevent-images.s3.amazonaws.com/coachella-2019/f3241018/web/artist_202_20190107043752_67c59714.jpg"
"Tara Brooks","https://goevent-images.s3.amazonaws.com/coachella-2019/f3241018/web/artist_203_20190102081451_9760b9f1.jpg"
"The 1975","https://goevent-images.s3.amazonaws.com/coachella-2019/f3241018/web/artist_204_20190102081453_fa08129b.jpg"
"The Floozies","https://goevent-images.s3.amazonaws.com/coachella-2019/f3241018/web/artist_602_20190325081655_593325f2.jpg"
"The Frights","https://goevent-images.s3.amazonaws.com/coachella-2019/f3241018/web/artist_205_20190102081456_d28fed42.jpg"
"The Funk Hunters","https://goevent-images.s3.amazonaws.com/coachella-2019/f3241018/web/artist_603_20190321065012_8f05043c.jpg"
"The Garden","https://goevent-images.s3.amazonaws.com/coachella-2019/f3241018/web/artist_206_20190102081459_ca073104.jpg"
"The Interrupters","https://goevent-images.s3.amazonaws.com/coachella-2019/f3241018/web/artist_207_20190102081503_9f7e2322.jpg"
"The Messthetics","https://goevent-images.s3.amazonaws.com/coachella-2019/f3241018/web/artist_208_20190102081505_e22895ae.jpg"
"The Red Pears","https://goevent-images.s3.amazonaws.com/coachella-2019/f3241018/web/artist_209_20190104013347_715b3aa0.jpg"
"Tierra Whack","https://goevent-images.s3.amazonaws.com/coachella-2019/f3241018/web/artist_210_20190102110930_51c4d70e.jpg"
"Tomasa del Real","https://goevent-images.s3.amazonaws.com/coachella-2019/f3241018/web/artist_211_20190104011329_5f95f18a.jpg"
"Turnover","https://goevent-images.s3.amazonaws.com/coachella-2019/f3241018/web/artist_212_20190102081516_e39277c0.jpg"
"Turnstile","https://goevent-images.s3.amazonaws.com/coachella-2019/f3241018/web/artist_213_20190102081518_55f0d261.jpg"
"Ty Segall & White Fence","https://goevent-images.s3.amazonaws.com/coachella-2019/f3241018/web/artist_214_20190102081521_69604757.jpg"
"Unknown Mortal Orchestra","https://goevent-images.s3.amazonaws.com/coachella-2019/f3241018/web/artist_226_20190102095609_08991c68.jpg"
"U.S. Girls","https://goevent-images.s3.amazonaws.com/coachella-2019/f3241018/web/artist_215_20190102081524_42f99f0f.jpg"
"Virgil Abloh","https://goevent-images.s3.amazonaws.com/coachella-2019/f3241018/web/artist_216_20190405075424_7c9aa45a.jpg"
"VNSSA","https://goevent-images.s3.amazonaws.com/coachella-2019/f3241018/web/artist_604_20190321065013_96fc77d5.jpg"
"Walker & Royce","https://goevent-images.s3.amazonaws.com/coachella-2019/f3241018/web/artist_217_20190102081529_02be55c9.jpg"
"Wallows","https://goevent-images.s3.amazonaws.com/coachella-2019/f3241018/web/artist_218_20190102081532_333be397.jpg"
"Weezer","https://goevent-images.s3.amazonaws.com/coachella-2019/f3241018/web/artist_219_20190102081535_745b6a9a.jpg"
"Wiz Khalifa","https://goevent-images.s3.amazonaws.com/coachella-2019/f3241018/web/artist_220_20190102081537_0169b9b3.jpg"
"Yellow Days","https://goevent-images.s3.amazonaws.com/coachella-2019/f3241018/web/artist_221_20190102081540_a5354a8a.jpg"
"YG","https://goevent-images.s3.amazonaws.com/coachella-2019/f3241018/web/artist_222_20190102081543_b9a6bcf2.jpg"
"Yotto","https://goevent-images.s3.amazonaws.com/coachella-2019/f3241018/web/artist_223_20190102081545_d618a4eb.jpg"
"Yung Bae","https://goevent-images.s3.amazonaws.com/coachella-2019/f3241018/web/artist_605_20190404083522_815f0c4e.jpg"
"Yves Tumor","https://goevent-images.s3.amazonaws.com/coachella-2019/f3241018/web/artist_224_20190102081548_c2cde4f0.jpg"
"Z Coachella","https:https://s3.amazonaws.com/goeventweb-static.greencopper.com/a01405de1df74e27bf13f23a26670c9b/coachella-2019/public/img/default.png"
"Zedd","https://goevent-images.s3.amazonaws.com/coachella-2019/f3241018/web/artist_225_20190102081550_188f7f73.jpg"